{"cameraMode":{"drawMode":0,"name":"Shaded","section":"Shading Mode"},"sceneLighting":true,"audioPlay":false,"sceneViewState":{"showFog":true,"showMaterialUpdate":true,"showSkybox":true,"showFlares":true,"showImageEffects":true,"showParticleSystems":true},"in2DMode":false,"pivot":{"x":0.409454345703125,"y":1.6267356872558594,"z":-0.1728382110595703},"rotation":{"x":-0.20689168572425843,"y":-0.3018416166305542,"z":0.06727884709835053,"w":-0.9282031059265137},"size":12.86076831817627,"orthographic":false}